{"loss": [0.6034616827964783, 0.4152264893054962, 0.3451704680919647, 0.3010815978050232, 0.27634143829345703, 0.25751107931137085, 0.24555309116840363, 0.22891589999198914, 0.22133015096187592, 0.2159176915884018, 0.2081521600484848, 0.19297659397125244, 0.18857692182064056, 0.18412333726882935, 0.1754000186920166, 0.17638911306858063, 0.17382200062274933, 0.1634514182806015, 0.15686075389385223, 0.15092021226882935, 0.15293899178504944, 0.14496906101703644, 0.1498190462589264, 0.14703474938869476, 0.14018139243125916, 0.1365160346031189, 0.13282041251659393, 0.13028374314308167, 0.13208574056625366, 0.13803184032440186, 0.15342554450035095, 0.1386917531490326, 0.13033270835876465, 0.1223764717578888, 0.11800184845924377, 0.11811041831970215, 0.11594129353761673, 0.10837282985448837, 0.10461120307445526, 0.10381164401769638, 0.10368068516254425, 0.10350126028060913, 0.10055696219205856, 0.09829948842525482, 0.09766677021980286, 0.096715547144413, 0.11167161911725998, 0.11187463998794556, 0.11089868098497391, 0.10715523362159729, 0.10667357593774796, 0.11442577838897705, 0.11105243116617203, 0.107774518430233, 0.10256165266036987, 0.10098426789045334, 0.09859205782413483, 0.09912687540054321, 0.09546414017677307, 0.09229715168476105, 0.08889807760715485, 0.08689173310995102, 0.08539027720689774, 0.08429193496704102, 0.08310707658529282, 0.0820341557264328, 0.08403141796588898, 0.08173055201768875, 0.08417844027280807, 0.09745379537343979, 0.12215865403413773, 0.11163776367902756, 0.11042938381433487], "decoder_loss": [0.14448776841163635, 0.07893215864896774, 0.08065563440322876, 0.07830771058797836, 0.07582280784845352, 0.07466299831867218, 0.07474298775196075, 0.07502603530883789, 0.07401663810014725, 0.07345651090145111, 0.07256806641817093, 0.07230567932128906, 0.07301373779773712, 0.07254679501056671, 0.07114704698324203, 0.07075116783380508, 0.06982868164777756, 0.07022391259670258, 0.069277323782444, 0.06941644102334976, 0.06837540119886398, 0.06824865937232971, 0.06754560768604279, 0.06650034338235855, 0.06647560000419617, 0.06629477441310883, 0.06613799929618835, 0.0660729855298996, 0.0660184696316719, 0.06544329226016998, 0.06440411508083344, 0.06461210548877716, 0.0646420568227768, 0.0645199567079544, 0.06433433294296265, 0.06456030905246735, 0.06397748738527298, 0.06399258971214294, 0.06358113884925842, 0.06320331990718842, 0.0631328746676445, 0.06289178133010864, 0.06261517107486725, 0.06245061755180359, 0.0621115043759346, 0.062181565910577774, 0.061345890164375305, 0.061173900961875916, 0.060835957527160645, 0.06086021289229393, 0.06064121797680855, 0.06044616177678108, 0.06088479980826378, 0.06025372073054314, 0.059839487075805664, 0.059910498559474945, 0.05945374816656113, 0.059528641402721405, 0.05914798006415367, 0.05860241875052452, 0.05809275433421135, 0.057597678154706955, 0.057077474892139435, 0.0567668117582798, 0.05647839605808258, 0.056217290461063385, 0.05636468902230263, 0.056216396391391754, 0.056273333728313446, 0.05718164145946503, 0.05657486617565155, 0.05680481344461441, 0.05669707432389259], "classifier_loss": [2.216207504272461, 1.7703857421875, 1.497214436531067, 1.3138009309768677, 1.2144441604614258, 1.117773175239563, 1.0462722778320312, 0.9240610003471375, 0.8817133903503418, 0.8482166528701782, 0.7964972853660583, 0.6816537380218506, 0.6463853120803833, 0.6179405450820923, 0.5626029968261719, 0.5764815211296082, 0.5629933476448059, 0.47662353515625, 0.43398234248161316, 0.38918784260749817, 0.41662025451660156, 0.3557838499546051, 0.40259552001953125, 0.3885624408721924, 0.33459678292274475, 0.30917009711265564, 0.28464820981025696, 0.26800069212913513, 0.28410544991493225, 0.334952712059021, 0.4603308439254761, 0.33500751852989197, 0.2678301930427551, 0.2077803909778595, 0.1787005215883255, 0.1827167123556137, 0.17367731034755707, 0.11675334721803665, 0.0950600877404213, 0.09749779850244522, 0.10164271295070648, 0.10583262145519257, 0.08762891590595245, 0.07528475672006607, 0.07772618532180786, 0.0732080265879631, 0.20034682750701904, 0.1964472234249115, 0.18635022640228271, 0.15311945974826813, 0.14961981773376465, 0.2103334665298462, 0.17518050968647003, 0.1529955416917801, 0.11484931409358978, 0.10331549495458603, 0.08930379152297974, 0.09651540219783783, 0.07418996095657349, 0.05770895630121231, 0.04010657221078873, 0.034058649092912674, 0.032207828015089035, 0.03154752403497696, 0.029693234711885452, 0.02825835905969143, 0.047418177127838135, 0.03389051929116249, 0.05632154643535614, 0.15401031076908112, 0.345378041267395, 0.2464485764503479, 0.22978810966014862], "decoder_accuracy": [0.04351908713579178, 0.05755849927663803, 0.06019088625907898, 0.06685652583837509, 0.07487684488296509, 0.08138854801654816, 0.07581588625907898, 0.08300492912530899, 0.076939657330513, 0.08257389068603516, 0.0819273367524147, 0.08015701919794083, 0.08058805763721466, 0.07843288034200668, 0.08160406351089478, 0.08300492912530899, 0.08328201621770859, 0.0818195790052414, 0.08195813000202179, 0.08546797931194305, 0.08523707091808319, 0.08217364549636841, 0.08263546973466873, 0.08566810190677643, 0.08576046675443649, 0.08434420824050903, 0.08685344457626343, 0.08568349480628967, 0.08525246381759644, 0.08762314915657043, 0.08343596011400223, 0.08409790694713593, 0.0833897814154625, 0.08800800144672394, 0.08585283160209656, 0.08780787885189056, 0.08591441065073013, 0.09059420973062515, 0.08851601183414459, 0.09068657457828522, 0.09048645198345184, 0.09327278286218643, 0.09471982717514038, 0.09387315064668655, 0.09447352588176727, 0.09652093797922134, 0.09699815511703491, 0.09658250957727432, 0.09739840030670166, 0.09701354801654816, 0.09498152881860733, 0.09624384343624115, 0.09404248744249344, 0.09961514919996262, 0.09316502511501312, 0.09536638110876083, 0.0997844859957695, 0.09670566767454147, 0.09721367061138153, 0.10397167503833771, 0.10812807828187943, 0.10963670164346695, 0.10906711965799332, 0.10948275774717331, 0.11168411374092102, 0.11129926145076752, 0.11086822301149368, 0.1122690886259079, 0.1108374372124672, 0.10983682423830032, 0.10754310339689255, 0.10575738549232483, 0.10674261301755905], "classifier_accuracy": [0.19568964838981628, 0.3762930929660797, 0.4625000059604645, 0.5176724195480347, 0.5224137902259827, 0.5646551847457886, 0.5939655303955078, 0.6362069249153137, 0.673275887966156, 0.6823275685310364, 0.7021551728248596, 0.7534482479095459, 0.7836207151412964, 0.7646551728248596, 0.7849137783050537, 0.7939655184745789, 0.7943965792655945, 0.8422414064407349, 0.8573275804519653, 0.875, 0.853017270565033, 0.8784482479095459, 0.862500011920929, 0.8745689392089844, 0.8982758522033691, 0.8987069129943848, 0.9163793325424194, 0.9211207032203674, 0.9267241358757019, 0.9086207151412964, 0.8551723957061768, 0.9051724076271057, 0.9318965673446655, 0.951724112033844, 0.9616379141807556, 0.9534482955932617, 0.9564655423164368, 0.9788793325424194, 0.9844827651977539, 0.9844827651977539, 0.9788793325424194, 0.9771551489830017, 0.9810344576835632, 0.9866379499435425, 0.9844827651977539, 0.9862068891525269, 0.9362068772315979, 0.9418103694915771, 0.9521551728248596, 0.9612069129943848, 0.9590517282485962, 0.9448275566101074, 0.9521551728248596, 0.9581896662712097, 0.9676724076271057, 0.9750000238418579, 0.978017270565033, 0.9784482717514038, 0.982758641242981, 0.9887930750846863, 0.9926724433898926, 0.995258629322052, 0.9965517520904541, 0.995258629322052, 0.9974138140678406, 0.996982753276825, 0.992241382598877, 0.9943965673446655, 0.9887930750846863, 0.9612069129943848, 0.8896551728248596, 0.9288793206214905, 0.9318965673446655],