{"loss": [0.524368166923523, 0.3376399576663971, 0.2807607650756836, 0.25568830966949463, 0.24250245094299316, 0.23029039800167084, 0.21974822878837585, 0.2077423483133316, 0.19709447026252747, 0.19214937090873718, 0.18595156073570251, 0.18114906549453735, 0.17587712407112122, 0.17295049130916595, 0.16650545597076416, 0.16626299917697906, 0.15959058701992035, 0.16226866841316223, 0.15951058268547058, 0.15485048294067383, 0.15204797685146332, 0.15003791451454163, 0.1530657261610031, 0.16398583352565765, 0.15163150429725647, 0.14143060147762299, 0.13929323852062225, 0.14127393066883087, 0.14594434201717377, 0.13579349219799042, 0.13406941294670105, 0.1362544745206833, 0.13709615170955658, 0.13975611329078674, 0.14226730167865753, 0.13539443910121918, 0.13214313983917236, 0.13187888264656067, 0.13015422224998474, 0.13112889230251312, 0.12942762672901154, 0.12288028001785278, 0.12076771259307861, 0.12229526787996292, 0.12581497430801392, 0.11977433413267136, 0.1300385594367981, 0.12439343333244324, 0.11876045912504196, 0.12197864055633545, 0.11831782013177872, 0.12188335508108139, 0.11817913502454758], "decoder_loss": [0.11623483896255493, 0.07866381853818893, 0.07426653057336807, 0.07198110967874527, 0.07070977985858917, 0.06959293782711029, 0.06816548109054565, 0.0671871230006218, 0.06675390154123306, 0.06639166176319122, 0.06533413380384445, 0.06480525434017181, 0.06438127905130386, 0.06387526541948318, 0.06340523809194565, 0.06278212368488312, 0.06273151189088821, 0.06265925616025925, 0.06198476254940033, 0.06172410026192665, 0.06181282550096512, 0.061480216681957245, 0.06097891181707382, 0.06002171337604523, 0.060090720653533936, 0.06037618964910507, 0.060527678579092026, 0.0602693073451519, 0.059591323137283325, 0.05974496901035309, 0.059737544506788254, 0.059714943170547485, 0.05940164625644684, 0.05850911885499954, 0.05902593582868576, 0.05875083804130554, 0.05866056680679321, 0.05829238146543503, 0.057786352932453156, 0.05739252641797066, 0.05707072466611862, 0.057406235486269, 0.05715494975447655, 0.05702539160847664, 0.05688285827636719, 0.056678470224142075, 0.0567103810608387, 0.05645677074790001, 0.05643965303897858, 0.05607517808675766, 0.056016597896814346, 0.05610722303390503, 0.056038130074739456], "classifier_loss": [2.0198473930358887, 1.4732861518859863, 1.263319492340088, 1.1545692682266235, 1.0856008529663086, 1.0116299390792847, 0.950484573841095, 0.8715357184410095, 0.7966839671134949, 0.7630701065063477, 0.7237522602081299, 0.6887317299842834, 0.6502852439880371, 0.6316717267036438, 0.5836341977119446, 0.5863094329833984, 0.5342113971710205, 0.5553945302963257, 0.5372256636619568, 0.5046688914299011, 0.4831051528453827, 0.4695630371570587, 0.49667876958847046, 0.5839194059371948, 0.4818667471408844, 0.4029030203819275, 0.3902263939380646, 0.40933626890182495, 0.45275819301605225, 0.3718909025192261, 0.36116456985473633, 0.3797222673892975, 0.38564589619636536, 0.4106295704841614, 0.42675846815109253, 0.3740125000476837, 0.3506914973258972, 0.3532901108264923, 0.34524068236351013, 0.35808056592941284, 0.34837329387664795, 0.29430970549583435, 0.28175753355026245, 0.29791760444641113, 0.3259480595588684, 0.28023287653923035, 0.36037972569465637, 0.3142329454421997, 0.270965576171875, 0.30096226930618286, 0.2722684144973755, 0.3020307123661041, 0.27332672476768494], "decoder_accuracy": [0.05272321403026581, 0.0686071440577507, 0.07822321355342865, 0.08077678829431534, 0.08184821158647537, 0.08235714584589005, 0.08689285814762115, 0.08861607313156128, 0.08860713988542557, 0.08800892531871796, 0.0888214260339737, 0.08871428668498993, 0.09104464203119278, 0.0926339253783226, 0.09195535629987717, 0.09303571283817291, 0.09452678263187408, 0.09458928555250168, 0.09312500059604645, 0.09724107384681702, 0.09483035653829575, 0.09515178203582764, 0.09592857211828232, 0.09848213940858841, 0.09902678430080414, 0.09915178269147873, 0.09845535457134247, 0.09784821420907974, 0.09912499785423279, 0.09925000369548798, 0.09798214584589005, 0.09799107164144516, 0.09892857074737549, 0.09986606985330582, 0.09983928501605988, 0.10157142579555511, 0.10448214411735535, 0.10436607152223587, 0.10570535808801651, 0.11416071653366089, 0.11616964638233185, 0.11376785486936569, 0.11366964131593704, 0.11617857217788696, 0.11765178292989731, 0.11866964399814606, 0.11433928459882736, 0.11841963976621628, 0.11832142621278763, 0.11763393133878708, 0.11794643104076385, 0.11742857098579407, 0.11609821766614914], "classifier_accuracy": [0.29100000858306885, 0.4647499918937683, 0.515250027179718, 0.577750027179718, 0.5972499847412109, 0.6014999747276306, 0.6442499756813049, 0.6890000104904175, 0.721750020980835, 0.7455000281333923, 0.765250027179718, 0.781000018119812, 0.7997499704360962, 0.8142499923706055, 0.8302500247955322, 0.8165000081062317, 0.8477500081062317, 0.8367499709129333, 0.8477500081062317, 0.8537499904632568, 0.8657500147819519, 0.8692499995231628, 0.8640000224113464, 0.8255000114440918, 0.8697500228881836, 0.8947499990463257, 0.8947499990463257, 0.8895000219345093, 0.8702499866485596, 0.902999997138977, 0.9020000100135803, 0.9017500281333923, 0.8957499861717224, 0.8880000114440918, 0.8765000104904175, 0.8977500200271606, 0.9082499742507935, 0.9049999713897705, 0.9057499766349792, 0.9067500233650208, 0.9107499718666077, 0.9265000224113464, 0.9287499785423279, 0.9237499833106995, 0.9135000109672546, 0.9259999990463257, 0.9054999947547913, 0.9182500243186951, 0.9327499866485596, 0.9244999885559082, 0.9294999837875366, 0.9247499704360962, 0.9272500276565552], "val_loss": [0.4553351104259491, 0.357483834028244, 0.3253084421157837, 0.29708051681518555, 0.2931569218635559, 0.26756834983825684, 0.25737011432647705, 0.2478393018245697, 0.24757197499275208, 0.2505011260509491, 0.23661135137081146, 0.2331548035144806, 0.2339102178812027, 0.23684820532798767, 0.23209795355796814, 0.23068219423294067, 0.22564174234867096, 0.2380165308713913, 0.2318987399339676, 0.2179536074399948, 0.24321353435516357, 0.2319522351026535, 0.24108892679214478, 0.22101479768753052, 0.22166995704174042, 0.22798064351081848, 0.23948591947555542, 0.2328949272632599, 0.22594434022903442, 0.23566609621047974, 0.23549477756023407, 0.22925762832164764, 0.21549464762210846, 0.23084527254104614, 0.22217412292957306, 0.22738665342330933, 0.2216361165046692, 0.23399417102336884, 0.22459149360656738, 0.2155688852071762, 0.22859908640384674, 0.22926144301891327, 0.23078453540802002, 0.252562940120697, 0.2427985966205597, 0.24021051824092865, 0.23665472865104675, 0.23600685596466064, 0.22605115175247192, 0.22510842978954315, 0.22235949337482452, 0.23978793621063232, 0.2387048751115799], "val_decoder_loss": [0.07519242912530899, 0.07411433756351471, 0.07344673573970795, 0.07212730497121811, 0.07066189497709274, 0.07008857280015945, 0.06992207467556, 0.06874534487724304, 0.06978276371955872, 0.06907124817371368, 0.06850709766149521, 0.06760863959789276, 0.06671103090047836, 0.06589733064174652, 0.06524709612131119, 0.06493496894836426, 0.06531617045402527, 0.06411384791135788, 0.06452447921037674, 0.06339330971240997, 0.06304044276475906, 0.06351441144943237, 0.06343422830104828, 0.06286418437957764, 0.06200351193547249, 0.06273423880338669, 0.06201425567269325, 0.061034299433231354, 0.061025459319353104, 0.06232960522174835, 0.0612885057926178, 0.06082342565059662, 0.06050949916243553, 0.06170981749892235, 0.06078692525625229, 0.06034192070364952, 0.06017882749438286, 0.06142674386501312, 0.06049048528075218, 0.05985177680850029, 0.06022866815328598, 0.059615179896354675, 0.059994328767061234, 0.059908512979745865, 0.060447823256254196, 0.060053180903196335, 0.059753578156232834, 0.05997985973954201, 0.05910911783576012, 0.058721739798784256, 0.05905919522047043, 0.058987267315387726, 0.059180617332458496],