{"loss": [0.6323173642158508, 0.4356420934200287, 0.3619791269302368, 0.3080079257488251, 0.2716079354286194, 0.2430901974439621, 0.2216489464044571, 0.20703913271427155, 0.192897230386734, 0.1819341480731964, 0.1697966456413269, 0.1604495644569397, 0.15655021369457245, 0.15268735587596893, 0.15304911136627197, 0.15039712190628052, 0.14198048412799835, 0.13550618290901184, 0.13128335773944855, 0.12620024383068085, 0.12219331413507462, 0.1195758804678917, 0.11842420697212219, 0.12186695635318756, 0.12538810074329376, 0.12120245397090912, 0.11828126013278961, 0.11738430708646774, 0.11333207786083221, 0.1150885745882988, 0.11377260088920593, 0.11011548340320587, 0.10849875211715698, 0.11297718435525894, 0.11269437521696091, 0.10622776299715042, 0.1054404228925705, 0.10756566375494003, 0.10343251377344131, 0.10111363977193832, 0.10024721920490265, 0.0992911234498024, 0.1021028459072113, 0.10357420146465302, 0.10251732170581818, 0.0970594733953476, 0.09485475718975067, 0.09266296029090881, 0.09238488227128983, 0.09086862951517105, 0.08992300182580948], "decoder_loss": [0.17167463898658752, 0.08137400448322296, 0.08162397146224976, 0.08283401280641556, 0.08272789418697357, 0.0819723978638649, 0.08264408260583878, 0.08127128332853317, 0.08057116717100143, 0.08014710992574692, 0.078627809882164, 0.07820508629083633, 0.07724723219871521, 0.07625135034322739, 0.07524403929710388, 0.07377598434686661, 0.07388078421354294, 0.07197567820549011, 0.07131339609622955, 0.0705440416932106, 0.06944236159324646, 0.06877303868532181, 0.06841441243886948, 0.06773225963115692, 0.06727166473865509, 0.0671611949801445, 0.06717292964458466, 0.06617485731840134, 0.06583335250616074, 0.06521433591842651, 0.06491599231958389, 0.06438140571117401, 0.06405570358037949, 0.06339433789253235, 0.06319942325353622, 0.0632665604352951, 0.06289326399564743, 0.062227748334407806, 0.06200142949819565, 0.061626654118299484, 0.06131637841463089, 0.06106291338801384, 0.06071760505437851, 0.0607738271355629, 0.060579411685466766, 0.060514502227306366, 0.05965818837285042, 0.05926888808608055, 0.05909371003508568, 0.0587480366230011, 0.058242689818143845], "classifier_loss": [2.1611242294311523, 1.7414751052856445, 1.441324234008789, 1.1739764213562012, 0.9872891306877136, 0.8285038471221924, 0.692242443561554, 0.6123756170272827, 0.5227802395820618, 0.4511954188346863, 0.3766483664512634, 0.31528499722480774, 0.2998080253601074, 0.2824116349220276, 0.2977010905742645, 0.2913658618927002, 0.22608235478401184, 0.19401031732559204, 0.17061738669872284, 0.14129626750946045, 0.124437116086483, 0.11574109643697739, 0.11624233424663544, 0.15486140549182892, 0.18844538927078247, 0.1542862504720688, 0.1308239996433258, 0.13381870090961456, 0.10651703923940659, 0.12803985178470612, 0.1219913512468338, 0.09970759600400925, 0.09370199590921402, 0.13815870881080627, 0.13858434557914734, 0.08748123794794083, 0.08732757717370987, 0.11309019476175308, 0.0853755846619606, 0.07353998720645905, 0.07296930998563766, 0.07136242091655731, 0.10038471221923828, 0.11386262625455856, 0.10851464420557022, 0.06671430170536041, 0.05835665017366409, 0.04726439341902733, 0.050290003418922424, 0.044674187898635864, 0.0450594499707222], "decoder_accuracy": [0.029971590265631676, 0.058198053389787674, 0.06698457896709442, 0.06647727638483047, 0.07548701018095016, 0.07711038738489151, 0.07623782753944397, 0.0807223990559578, 0.08092532306909561, 0.08039772510528564, 0.08177759498357773, 0.08039772510528564, 0.08486201614141464, 0.0840706154704094, 0.08774350583553314, 0.08806817978620529, 0.08678977191448212, 0.0873376652598381, 0.08847402781248093, 0.09066558629274368, 0.09295860677957535, 0.09472402930259705, 0.09395292401313782, 0.09255275875329971, 0.09671266376972198, 0.09277597069740295, 0.094683438539505, 0.09795048832893372, 0.09790990501642227, 0.10042613744735718, 0.1009131520986557, 0.10158279538154602, 0.1007305160164833, 0.10211038589477539, 0.10275974124670029, 0.10196834057569504, 0.10255681723356247, 0.10614854097366333, 0.10101461410522461, 0.10097402334213257, 0.10375405848026276, 0.1073254868388176, 0.10582386702299118, 0.10586445033550262, 0.10503246635198593, 0.10754869878292084, 0.10653409361839294, 0.10809659212827682, 0.10988230258226395, 0.10927353799343109, 0.10982143133878708], "classifier_accuracy": [0.23068182170391083, 0.3647727370262146, 0.4795454442501068, 0.5710227489471436, 0.643750011920929, 0.7329545617103577, 0.7818182110786438, 0.8136363625526428, 0.8579545617103577, 0.8829545378684998, 0.9221590757369995, 0.9397727251052856, 0.9261363744735718, 0.9426136612892151, 0.9295454621315002, 0.9278408885002136, 0.956250011920929, 0.9613636136054993, 0.9670454263687134, 0.9750000238418579, 0.980681836605072, 0.9829545617103577, 0.9789772629737854, 0.96875, 0.9545454382896423, 0.9659090638160706, 0.9755681753158569, 0.9715909361839294, 0.9801136255264282, 0.9738636612892151, 0.9710227251052856, 0.981249988079071, 0.9823863506317139, 0.9636363387107849, 0.9647727012634277, 0.9863636493682861, 0.9857954382896423, 0.9784091114997864, 0.9869318008422852, 0.9892045259475708, 0.9869318008422852, 0.988068163394928, 0.981249988079071, 0.980681836605072, 0.9789772629737854, 0.988068163394928, 0.9892045259475708, 0.9937499761581421, 0.9926136136054993, 0.9931818246841431, 0.9926136136054993], "val_loss": [0.5711244344711304, 0.5496415495872498, 0.5163595080375671, 0.43152916431427, 0.3883224427700043, 0.37928393483161926, 0.38997748494148254, 0.3296940326690674, 0.32854145765304565, 0.31195616722106934, 0.3161448538303375, 0.3033890724182129, 0.2867127060890198, 0.31003129482269287, 0.27557680010795593, 0.2637750506401062, 0.32376959919929504, 0.30430060625076294, 0.32700812816619873, 0.2710392475128174, 0.26205408573150635, 0.38349393010139465, 0.2716490626335144, 0.25997212529182434, 0.2736468017101288, 0.2660653293132782, 0.3098706305027008, 0.31603026390075684, 0.3003290593624115, 0.294185072183609, 0.23674829304218292, 0.2841906249523163, 0.329689085483551, 0.2960275709629059, 0.2478630244731903, 0.2578616142272949, 0.26462700963020325, 0.3157729506492615, 0.26881667971611023, 0.27602750062942505, 0.27959996461868286, 0.2911319434642792, 0.27403169870376587, 0.2633284628391266, 0.3116477131843567, 0.3159783184528351, 0.26109805703163147, 0.2762325704097748, 0.28659379482269287, 0.24633507430553436, 0.3087446689605713], "val_decoder_loss": [0.08245696872472763, 0.07353696972131729, 0.07855567336082458, 0.07900168746709824, 0.08144493401050568, 0.08306644856929779, 0.08157379180192947, 0.08224301040172577, 0.08051231503486633, 0.08177997916936874, 0.08142979443073273, 0.08163652569055557, 0.07972799986600876, 0.0792296901345253, 0.07934833317995071, 0.08034347742795944, 0.076798215508461, 0.07571259140968323, 0.07730137556791306, 0.0772169977426529, 0.07892196625471115, 0.07319481670856476, 0.07488370686769485, 0.07628031820058823, 0.07599735260009766, 0.07555006444454193, 0.07392379641532898, 0.0736316591501236, 0.07282989472150803, 0.07329214364290237, 0.07442519813776016, 0.07163000851869583, 0.07002441585063934, 0.07062915712594986, 0.07327620685100555, 0.07226946204900742, 0.07107780128717422, 0.0678398460149765, 0.06956939399242401, 0.07009248435497284, 0.06889791041612625, 0.06788772344589233, 0.06710363179445267, 0.0691174566745758, 0.06770245730876923, 0.06544694304466248, 0.06849147379398346, 0.06656305491924286, 0.06593016535043716, 0.06685084849596024, 0.06499111652374268],