{"loss": [0.5603978633880615, 0.3805539309978485, 0.3132448196411133, 0.28064772486686707, 0.2577149569988251, 0.23654991388320923, 0.2229137271642685, 0.2122650146484375, 0.20926149189472198, 0.193870410323143, 0.18761113286018372, 0.18253491818904877, 0.18269342184066772, 0.17171628773212433, 0.16512025892734528, 0.1639469414949417, 0.15584726631641388, 0.15559569001197815, 0.15134988725185394, 0.14849980175495148, 0.14667199552059174, 0.1538282036781311, 0.14326485991477966, 0.1413576751947403, 0.14269141852855682, 0.13611683249473572, 0.1301051527261734, 0.12834419310092926, 0.128303661942482, 0.12549062073230743, 0.12053373456001282, 0.11810638755559921, 0.11582617461681366, 0.11762849986553192, 0.11853578686714172, 0.12152957171201706, 0.11971738934516907, 0.12081048637628555, 0.11910644173622131, 0.11532043665647507, 0.1157066747546196, 0.12118864059448242, 0.11980199068784714, 0.1121414303779602, 0.11262942105531693, 0.11144399642944336, 0.10948284715414047, 0.11082987487316132, 0.10620678961277008, 0.10464458167552948, 0.10131629556417465, 0.1039593294262886, 0.11464909464120865, 0.11013299971818924, 0.10603487491607666, 0.10329695045948029, 0.09924374520778656], "decoder_loss": [0.13212426006793976, 0.07661611586809158, 0.0766669511795044, 0.07412637770175934, 0.07339318841695786, 0.07312794029712677, 0.07297741621732712, 0.0717516764998436, 0.07065671682357788, 0.06995418667793274, 0.06906157732009888, 0.06877999752759933, 0.06756695359945297, 0.0670238733291626, 0.06682019680738449, 0.06598813831806183, 0.06587863713502884, 0.06581299751996994, 0.06517909467220306, 0.06499658524990082, 0.06431976705789566, 0.06361593306064606, 0.06387525051832199, 0.06349953263998032, 0.06295550614595413, 0.06327132880687714, 0.06305152177810669, 0.06253553181886673, 0.06318370997905731, 0.06254806369543076, 0.06222381070256233, 0.06178370490670204, 0.061910778284072876, 0.061515290290117264, 0.06102081388235092, 0.06091703474521637, 0.06076938286423683, 0.060374997556209564, 0.060662008821964264, 0.060312021523714066, 0.06013225018978119, 0.05985644832253456, 0.05995515361428261, 0.05988612025976181, 0.05916738882660866, 0.059418149292469025, 0.05918041244149208, 0.059065595269203186, 0.05870076268911362, 0.05835912004113197, 0.0580800361931324, 0.05799538269639015, 0.05797545239329338, 0.05756998434662819, 0.05732855945825577, 0.057366881519556046, 0.05692619830369949], "classifier_loss": [2.0412795543670654, 1.6284171342849731, 1.3742700815200806, 1.2590527534484863, 1.137566328048706, 1.0013102293014526, 0.9094663262367249, 0.8438816666603088, 0.8343535661697388, 0.7224588394165039, 0.6844779849052429, 0.6490033864974976, 0.6613852977752686, 0.5793808698654175, 0.5311381816864014, 0.5307216644287109, 0.46912431716918945, 0.4707031548023224, 0.443170428276062, 0.42264142632484436, 0.4150453805923462, 0.4756185710430145, 0.3841278553009033, 0.3715844750404358, 0.38723695278167725, 0.33371758460998535, 0.29171234369277954, 0.2864261269569397, 0.28384554386138916, 0.26848599314689636, 0.23425227403640747, 0.22241292893886566, 0.20667621493339539, 0.22574734687805176, 0.23678338527679443, 0.262931227684021, 0.2504999041557312, 0.26176154613494873, 0.24476687610149384, 0.2182486653327942, 0.22568190097808838, 0.2714863419532776, 0.2571996748447418, 0.19551631808280945, 0.20671865344047546, 0.1934739500284195, 0.17931927740573883, 0.1932409256696701, 0.1616075038909912, 0.1553637981414795, 0.1352870613336563, 0.16094142198562622, 0.24430997669696808, 0.20528751611709595, 0.1713159680366516, 0.15178991854190826, 0.12755875289440155], "decoder_accuracy": [0.04899553582072258, 0.06691468507051468, 0.07119295746088028, 0.073908731341362, 0.0768229141831398, 0.0792410746216774, 0.08787202090024948, 0.08515624701976776, 0.08611111342906952, 0.08731398731470108, 0.09025297313928604, 0.09301835298538208, 0.08815724402666092, 0.08763641119003296, 0.0918898805975914, 0.08845485746860504, 0.08690476417541504, 0.08805803209543228, 0.09141865372657776, 0.08759920299053192, 0.08594989776611328, 0.09078621119260788, 0.09074901044368744, 0.08979414403438568, 0.0899677574634552, 0.0890377014875412, 0.08994295448064804, 0.091021828353405, 0.09192708134651184, 0.09358879178762436, 0.09200149029493332, 0.09314236044883728, 0.09657738357782364, 0.09484127163887024, 0.09813988208770752, 0.09463045746088028, 0.09386160969734192, 0.09766864776611328, 0.09459325671195984, 0.0966641828417778, 0.09904514253139496, 0.10124007612466812, 0.09892112761735916, 0.10002480447292328, 0.10493551939725876, 0.10833333432674408, 0.1018105149269104, 0.10251735895872116, 0.10735367238521576, 0.10582837462425232, 0.10880456119775772, 0.11434771865606308, 0.1067708358168602, 0.10762649029493332, 0.10982143133878708, 0.11008184403181076, 0.11034226417541504], "classifier_accuracy": [0.2750000059604645, 0.40486112236976624, 0.48923611640930176, 0.5413194298744202, 0.597569465637207, 0.6350694298744202, 0.6809027791023254, 0.7104166746139526, 0.6923611164093018, 0.7319444417953491, 0.7607638835906982, 0.7756944298744202, 0.7784722447395325, 0.8177083134651184, 0.8329861164093018, 0.8326388597488403, 0.8618055582046509, 0.8645833134651184, 0.8736110925674438, 0.8795138597488403, 0.8861111402511597, 0.8600694537162781, 0.8993055820465088, 0.8885416388511658, 0.8850694298744202, 0.9111111164093018, 0.9260416626930237, 0.9305555820465088, 0.9326388835906982, 0.9392361044883728, 0.9437500238418579, 0.949999988079071, 0.9548611044883728, 0.9486111402511597, 0.9427083134651184, 0.9253472089767456, 0.9423611164093018, 0.9350694417953491, 0.9420138597488403, 0.9486111402511597, 0.9440972208976746, 0.9329861402511597, 0.9395833611488342, 0.9548611044883728, 0.9555555582046509, 0.9534721970558167, 0.9572916626930237, 0.9572916626930237, 0.965624988079071, 0.9680555462837219, 0.9750000238418579, 0.9635416865348816, 0.941319465637207, 0.949999988079071, 0.9618055820465088, 0.9659722447395325, 0.9736111164093018], "val_loss": [0.523302435874939, 0.4462456703186035, 0.39101341366767883, 0.36864882707595825, 0.35443899035453796, 0.3480384349822998, 0.30723392963409424, 0.2798493802547455, 0.3052840828895569, 0.28440335392951965, 0.2785741984844208, 0.27718883752822876, 0.2815650403499603, 0.2608128786087036, 0.2525709271430969, 0.26328903436660767, 0.2675732970237732, 0.2616540789604187, 0.26654624938964844, 0.28302013874053955, 0.2548515796661377, 0.24112054705619812, 0.2727522850036621, 0.26490816473960876, 0.2682545483112335, 0.2614590525627136, 0.2444818764925003, 0.24313238263130188, 0.2731204032897949, 0.2537787854671478, 0.26879259943962097, 0.2667493522167206, 0.25407370924949646, 0.25217023491859436, 0.27023687958717346, 0.26095545291900635, 0.23799769580364227, 0.25174498558044434, 0.27339935302734375, 0.27781209349632263, 0.2544347941875458, 0.30711984634399414, 0.27808910608291626, 0.2512611746788025, 0.24669131636619568, 0.24948567152023315, 0.2583782970905304, 0.26172736287117004, 0.2592921853065491, 0.24596036970615387, 0.2506699562072754, 0.24143379926681519, 0.26441654562950134, 0.2641569972038269, 0.24049459397792816, 0.25150758028030396, 0.25979840755462646],