{"loss": [0.5374622941017151, 0.389497846364975, 0.34067684412002563, 0.29232487082481384, 0.26059794425964355, 0.239017054438591, 0.2243986278772354, 0.21798746287822723, 0.2022918313741684, 0.19100813567638397, 0.18587058782577515, 0.1798715740442276, 0.17668402194976807, 0.17604896426200867, 0.17173610627651215, 0.1642230898141861, 0.16176484525203705, 0.16229188442230225, 0.15555475652217865, 0.15185683965682983, 0.1486426740884781, 0.14630495011806488, 0.139253631234169, 0.1483926922082901, 0.1412499099969864, 0.13424400985240936, 0.1317550241947174, 0.13011644780635834, 0.12692029774188995, 0.12312062829732895, 0.12528234720230103, 0.12893976271152496, 0.12867332994937897, 0.12129565328359604, 0.11574675887823105, 0.1265876293182373, 0.1360286921262741, 0.11986955255270004, 0.1162288635969162, 0.11146800965070724, 0.11222224682569504, 0.11048921197652817, 0.10728643834590912, 0.10280167311429977, 0.10003196448087692, 0.09858069568872452], "decoder_loss": [0.12115798890590668, 0.07113876938819885, 0.06887611746788025, 0.07371591776609421, 0.07404879480600357, 0.07296279817819595, 0.07224111258983612, 0.07072605192661285, 0.06984227150678635, 0.0688469186425209, 0.06766162067651749, 0.06658428907394409, 0.06582652032375336, 0.06526441872119904, 0.06455335766077042, 0.06421148777008057, 0.06343240290880203, 0.06322243809700012, 0.06295885145664215, 0.06296386569738388, 0.06252244114875793, 0.062316011637449265, 0.06233510002493858, 0.061961960047483444, 0.06182090938091278, 0.06153474748134613, 0.06124623492360115, 0.060947954654693604, 0.06075829640030861, 0.06089290231466293, 0.060272082686424255, 0.05925878509879112, 0.05965373292565346, 0.0588952973484993, 0.05919064208865166, 0.05959250032901764, 0.05932636186480522, 0.058428410440683365, 0.05807062238454819, 0.05778965353965759, 0.05804247409105301, 0.05731284245848656, 0.057497359812259674, 0.05682380869984627, 0.05648184195160866, 0.0562201663851738], "classifier_loss": [2.036935806274414, 1.9046926498413086, 1.8218371868133545, 1.4944018125534058, 1.263855218887329, 1.10680091381073, 0.9996489882469177, 0.960529088973999, 0.8436717987060547, 0.763446033000946, 0.7326191663742065, 0.6936467289924622, 0.6744049787521362, 0.6716241836547852, 0.6400934457778931, 0.5818718671798706, 0.5700831413269043, 0.576877772808075, 0.5264344215393066, 0.49741172790527344, 0.4752004146575928, 0.4569103717803955, 0.40056827664375305, 0.47723549604415894, 0.41966167092323303, 0.3651450276374817, 0.3480319380760193, 0.3383510708808899, 0.31513896584510803, 0.28606218099594116, 0.3096683919429779, 0.3457542657852173, 0.3367418646812439, 0.28235355019569397, 0.23836062848567963, 0.32579469680786133, 0.39487704634666443, 0.2654881477355957, 0.24061286449432373, 0.20798778533935547, 0.21593999862670898, 0.20956748723983765, 0.18564799427986145, 0.15975232422351837, 0.1457105278968811, 0.1412997990846634], "decoder_accuracy": [0.05536752566695213, 0.07746054977178574, 0.08265157788991928, 0.0918293222784996, 0.08956602960824966, 0.07694144546985626, 0.07767856866121292, 0.07926702499389648, 0.08101121336221695, 0.08311877399682999, 0.08729235827922821, 0.08841361850500107, 0.09018895030021667, 0.09079111367464066, 0.08903654664754868, 0.08965946733951569, 0.09008513391017914, 0.09180855751037598, 0.0912894532084465, 0.09083264321088791, 0.09152823686599731, 0.09218230843544006, 0.09175664186477661, 0.09241071343421936, 0.0954422727227211, 0.09172549843788147, 0.09223421663045883, 0.09290905296802521, 0.0936669409275055, 0.09415490180253983, 0.09407184273004532, 0.09645971655845642, 0.096293605864048, 0.0989098846912384, 0.09835963696241379, 0.09812084585428238, 0.09773670881986618, 0.0995950996875763, 0.10052948445081711, 0.10319767147302628, 0.10200373828411102, 0.10368563234806061, 0.10588663071393967, 0.10825373977422714, 0.11124376952648163, 0.111223004758358], "classifier_accuracy": [0.2447674423456192, 0.25697675347328186, 0.3255814015865326, 0.4438953399658203, 0.5488371849060059, 0.6133720874786377, 0.6694767475128174, 0.6744186282157898, 0.7331395149230957, 0.7540697455406189, 0.7595930099487305, 0.7735465168952942, 0.7752906680107117, 0.7770348787307739, 0.7840116024017334, 0.8034883737564087, 0.8107557892799377, 0.802034854888916, 0.824999988079071, 0.8488371968269348, 0.8523255586624146, 0.867732584476471, 0.8819767236709595, 0.8578488230705261, 0.8779069781303406, 0.8968023061752319, 0.8985465168952942, 0.9081395268440247, 0.9084302186965942, 0.9258720874786377, 0.9154070019721985, 0.9011628031730652, 0.9002906680107117, 0.9159883856773376, 0.9354650974273682, 0.9165697693824768, 0.8909883499145508, 0.9255813956260681, 0.9363372325897217, 0.9438953399658203, 0.9436046481132507, 0.9450581669807434, 0.9534883499145508, 0.9601744413375854, 0.9645348787307739, 0.9662790894508362], "val_loss": [0.4869571030139923, 0.40376192331314087, 0.4081408381462097, 0.3517439365386963, 0.3118908107280731, 0.29432395100593567, 0.28371724486351013, 0.2790849804878235, 0.2843686044216156, 0.26055166125297546, 0.2500205338001251, 0.258410781621933, 0.24555428326129913, 0.25760623812675476, 0.2702706754207611, 0.23698480427265167, 0.2333468645811081, 0.24377639591693878, 0.24206580221652985, 0.23687975108623505, 0.22526423633098602, 0.2443976104259491, 0.2233017534017563, 0.24809138476848602, 0.2289966642856598, 0.22274373471736908, 0.22465820610523224, 0.22617517411708832, 0.2429540604352951, 0.2462855875492096, 0.2510446012020111, 0.2772173285484314, 0.2315267026424408, 0.23660531640052795, 0.2500836253166199, 0.292070597410202, 0.2433253973722458, 0.24518147110939026, 0.2532559335231781, 0.2320728749036789, 0.250744104385376, 0.24197642505168915, 0.2515382170677185, 0.24015788733959198, 0.23893219232559204, 0.2430688589811325], "val_decoder_loss": [0.06791113317012787, 0.06606955081224442, 0.06922568380832672, 0.07114410400390625, 0.07188434898853302, 0.0729309469461441, 0.07022234797477722, 0.07143834233283997, 0.07020378857851028, 0.06926482915878296, 0.06825995445251465, 0.06812459230422974, 0.0662861093878746, 0.06659650057554245, 0.06560692191123962, 0.06559373438358307, 0.06579093635082245, 0.06531503796577454, 0.06412936002016068, 0.06476381421089172, 0.06431211531162262, 0.06491319090127945, 0.06557819247245789, 0.06419573724269867, 0.06296788901090622, 0.06325018405914307, 0.06247199699282646, 0.06196548417210579, 0.06280506402254105, 0.06302587687969208, 0.06228862702846527, 0.06406114995479584, 0.061661697924137115, 0.06177027150988579, 0.06334741413593292, 0.061456721276044846, 0.06189258396625519, 0.062210362404584885, 0.06197202205657959, 0.06211695820093155, 0.061313364654779434, 0.060506198555231094, 0.06048927456140518, 0.06118522956967354, 0.0601729154586792, 0.06017604470252991], "val_classifier_loss": [2.475025177001953, 2.253174066543579, 2.4292869567871094, 2.009507179260254, 1.6965093612670898, 1.5518893003463745, 1.4906963109970093, 1.4438003301620483, 1.4987980127334595, 1.3170313835144043, 1.2407971620559692, 1.310623049736023, 1.220727562904358, 1.3123575448989868, 1.4186526536941528, 1.1536694765090942, 1.1244134902954102, 1.2123808860778809, 1.209957480430603, 1.1634806394577026, 1.0731369256973267, 1.2209408283233643, 1.047833800315857, 1.2556248903274536, 1.112064003944397, 1.0591119527816772, 1.0822986364364624, 1.099046230316162, 1.228089690208435, 1.2553043365478516, 1.299789547920227, 1.4920049905776978, 1.1414622068405151, 1.1832376718521118, 1.2820422649383545, 1.6320263147354126, 1.2274675369262695, 1.2376636266708374, 1.3071719408035278, 1.1401803493499756, 1.2992236614227295, 1.2373722791671753, 1.3178857564926147, 1.2263779640197754, 1.2302217483520508, 1.2676278352737427],