{"loss": [0.09967594593763351, 0.02406497299671173, 0.02344215288758278, 0.023108480498194695, 0.022877857089042664, 0.022769026458263397, 0.02269803360104561, 0.022651830688118935, 0.022613054141402245, 0.02258159965276718, 0.02255299873650074, 0.022527232766151428, 0.022506825625896454, 0.02248467691242695, 0.02246568538248539, 0.022455858066678047, 0.022431615740060806, 0.022416232153773308, 0.022404588758945465, 0.022389203310012817, 0.02238578163087368, 0.022371012717485428, 0.022360755130648613, 0.022348186001181602, 0.022339172661304474, 0.02232961356639862, 0.0223272405564785, 0.022319894284009933, 0.022313503548502922, 0.02230556681752205, 0.022303570061922073, 0.022293100133538246, 0.022286083549261093, 0.02229013293981552, 0.022280754521489143, 0.022272635251283646, 0.022273579612374306, 0.022265104576945305, 0.022266214713454247, 0.022259745746850967, 0.022257529199123383, 0.022250592708587646, 0.02225623093545437, 0.022244920954108238, 0.022240623831748962, 0.022235218435525894, 0.022234560921788216, 0.022230304777622223, 0.022232213988900185, 0.02222772128880024, 0.022219672799110413, 0.02222229726612568, 0.022216463461518288, 0.022215746343135834, 0.022212227806448936, 0.022211909294128418, 0.022208550944924355, 0.022212769836187363, 0.022201282903552055, 0.022201400250196457, 0.022196481004357338, 0.02220298908650875, 0.022191811352968216, 0.022196883335709572, 0.02218547835946083, 0.02218726836144924, 0.022183457389473915, 0.022181808948516846, 0.022180067375302315, 0.022184234112501144, 0.022173477336764336, 0.0221719853579998, 0.02217528037726879, 0.022168977186083794, 0.022165652364492416, 0.02216874435544014, 0.022167876362800598, 0.022161105647683144, 0.022157445549964905, 0.022159021347761154, 0.022157886996865273, 0.022153139114379883, 0.022153005003929138, 0.02215227298438549, 0.02214834839105606, 0.022147681564092636, 0.022146718576550484, 0.02214055135846138, 0.02213817648589611, 0.02214188501238823, 0.022138748317956924, 0.022140800952911377, 0.022132225334644318, 0.02212943136692047, 0.02212921343743801, 0.022133100777864456, 0.022127434611320496, 0.02212486043572426, 0.022122684866189957, 0.02212064526975155], "accuracy": [0.8900437355041504, 0.9300678372383118, 0.9140216112136841, 0.5523183345794678, 0.9244911670684814, 0.9430432915687561, 0.9459987282752991, 0.9465909600257874, 0.9444091320037842, 0.9451581239700317, 0.949035108089447, 0.9516521096229553, 0.9519355297088623, 0.9517487287521362, 0.9518240690231323, 0.9515920877456665, 0.9512029886245728, 0.9507852792739868, 0.9508335590362549, 0.95070880651474, 0.950675904750824, 0.9502105712890625, 0.9501235485076904, 0.9500251412391663, 0.9496498703956604, 0.9493091106414795, 0.9491862058639526, 0.9494972229003906, 0.949965238571167, 0.9501129984855652, 0.94996178150177, 0.9503691792488098, 0.9504047632217407, 0.9505258798599243, 0.9511209726333618, 0.9512632489204407, 0.9512913823127747, 0.9512057900428772, 0.9512130618095398, 0.951133668422699, 0.9514925479888916, 0.9510611891746521, 0.9514510631561279, 0.9512860774993896, 0.9510777592658997, 0.9511433243751526, 0.9509711265563965, 0.950914204120636, 0.9508700966835022, 0.9506974816322327, 0.9507519006729126, 0.9496759176254272, 0.9457833766937256, 0.9452306628227234, 0.9448873400688171, 0.944482684135437, 0.9445245265960693, 0.9445263743400574, 0.9441596865653992, 0.9443035125732422, 0.9442268013954163, 0.9444921016693115, 0.9446660280227661, 0.9454981088638306, 0.9456571936607361, 0.9460833668708801, 0.946538507938385, 0.9467592835426331, 0.9471417665481567, 0.9477474689483643, 0.9482669830322266, 0.9488093256950378, 0.9488511085510254, 0.9497113227844238, 0.9500123858451843, 0.9503149390220642, 0.950853168964386, 0.9511922001838684, 0.9514822363853455, 0.9518008232116699, 0.9520121216773987, 0.9522948861122131, 0.9524328112602234, 0.9528171420097351, 0.9531435966491699, 0.9532580375671387, 0.9534467458724976, 0.9557241797447205, 0.9565660357475281, 0.9577897191047668, 0.9582589864730835, 0.9584733247756958, 0.9585732221603394, 0.9587058424949646, 0.9587838053703308, 0.9588921070098877, 0.9591982364654541, 0.9592721462249756, 0.9593837857246399, 0.9595565795898438]}